variable,count,mean,std,min,25%,50%,75%,max,original
dummy1,1000.0,0.0001215649173439186,0.009968183115990294,-0.0293181754924969,-0.006782587857935925,3.271995252340787e-05,0.007010471958917399,0.0373626447122168,0.0075008359019861
dummy2,1000.0,0.00025630462644638186,0.01039466251076597,-0.0310343075015637,-0.00691501776654,0.00035623091198995,0.00746742717919695,0.0362049116043028,-0.0075664265465427
x1,1000.0,0.08976473590724231,2.9549703650366834,-8.359719744529128,-1.970061811012312,-0.0271741395092457,1.9718584094431475,28.206166531697832,28.206166531697832
x2,1000.0,0.1756573276405976,7.902964878536983,-22.68663179446593,-4.867824185763596,0.13712265658815226,5.150187607591948,75.05183506577168,75.05183506577168
x3,1000.0,0.07405039394231694,1.9400412143595065,-5.402150312287353,-1.2259956963708607,-0.020998137726198948,1.3646894920541675,17.7551190885788,17.7551190885788
